name,lastname,type,semestre
AQIB,Astudilla,man,1
DAVID EMMANUEL,Udovicich,man,1
MARIA PASION,Marietti,women,1
PIERLUIGI,Vittore,man,1
EDUARDO MARCOS,Rivamontan,man,1
AITOR,Urtasun,man,1
ROBERTO DAMIAN,Petrocino,man,1
ANDREEA ANA MARIA,Robledal,women,1
EDUVINA,Fatorel,women,1
MIRUNA MARIA,Villoria,women,1
EMILIO IGNACIO,Nicliz,man,1
ANTONIA SANDRA,Macellari,women,1
JENNIFER CARMEN,Mercol,women,1
LIBRADO,Anache,man,1
ANTENOR,Vignati,man,1
MARIO JESUS,Urriategui,man,1
GUILLERMO JULIAN,Hulo,man,1
CHRISTIAN ISRAEL,Digdanian,man,1
OHIANA,Calzolari,women,1
ROSA EMILIA,Brelis,women,1
TUNDE,Cimato,women,1
ORIA,Churukian,women,1
JACINTO JUAN,Kruspzky,man,1
DANIEL IVAN,Ciarletta,man,1
LUISA AMANDA,Irastorza,women,1
YOUNESS,Camigliano,man,1
ADRIAN COSMIN,Rappachiani,man,1
FAN,Smigiel,man,1
TERESA BEATRIZ,Paiva,women,1
SIMONA LILIANA,Baltierra,women,1
ALBA MERY,Maestropiedra,women,1
OSCAR NICOLAS,Libarona,man,1
NICOLAS EMILIO,Camerotto,man,1
SUZANNE MARIE,Tieser,women,1
MARIA MARCIA,Fuembuena,women,1
SAFI,Rostagno,man,1
CIPRIAN VASILE,Zepponi,man,1
SOFIA RAQUEL,Rodrigo,women,1
ALEXANDRU COSMIN,Degliangioli,man,1
JULIO EUGENIO,Esandi,man,1
MARIA TERESITA,Gancio,women,1
CORNELIS,Fogliani,man,1
NURIA NIEVES,Sagrera,women,1
ERNESTO JUAN,Villarruel,man,1
HIGINIO JOSE,AguiÃ±agalde,man,1
JATIN,Terragni,man,1
RAUL SALVADOR,Pascaner,man,1
MARCELO VINICIO,Prez,man,1
PATRICIO LUIS,Genovese,man,1
LEONEL,Marcheroni,man,1
FEDERICO JESUS,Madiedo,man,1
ANAYA,Parente,women,1
BARBARA EWA,Arbel,women,1
CARMINA,Busnadiego,women,1
GISLENE,Mirabelli,women,1
WILSON LEONARDO,Venturi,man,1
VICTOR MATIAS,Carduner,man,1
ROSA ADELAIDA,Arroyos,women,1
MARIA LUCELY,Festorazzi,women,1
CESAR MARCELO,Robledo,man,1
MOHAMED AYOUB,Monduela,man,1
EDGAR ORLANDO,Valente,man,1
FLORINA MARIANA,Ottone,women,1
GLAFIRA,Nowosad,women,1
AIDA MARINA,YaÃ±ez,women,1
WAFAE,Trullenque,women,1
BOJANA,Spandrio,women,1
MAISA,Jurado,women,1
ANTONIA MARTA,Dalbert,women,1
MARIA BARKA,Turquin,women,1
ALBANIA,Camacho,women,1
MACARIA,Estefo,women,1
CLAUDIA ALINA,Renus,women,1
CURRO,Fagani,man,1
FORTUNA,Lozano,women,1
ERICH,Belen,man,1
ALEXIS ALEJANDRO,Cottone,man,1
MARTIN GONZALO,Decurgez,man,1
MACRINO,Mom,man,1
EVA PILAR,Paylacura,women,1
DANIELA GEORGIEVA,Prosperi,women,1
NIEVES MERCEDES,Velez,women,1
CARMEN ELOISA,Bernharat,women,1
FERNANDO SANTIAGO,Colapietro,man,1
BASMALA,Mendiondo,women,1
NAN,Ramudo,man,1
SEGUNDINA,De Beitia,women,1
EDISON GUSTAVO,Varga,man,1
CELSO JESUS,Pellegrini,man,1
GABRIEL MATIAS,Baigros,man,1
NASSIM,Gonzalo,man,1
ABDERRAZZAK,Mariqueo,man,1
BELKHIR,Sagun,man,1
JENNY ROSARIO,Sciotti,women,1
ANGELA ELIZABETH,Galleguillos,women,1
RODRIGO SEBASTIAN,Doratto,man,1
GERARDO MIGUEL,Gallese,man,1
MATEO SEBASTIAN,Arella,man,1
EMINA,Posadas,women,1
ROBERT NICOLAS,Calcagno,man,1
NAIRA CARMEN,Ricciuti,women,1
CARMEN MARLENE,Irribarria,women,1
OCTAVI,Storniolo,man,1
MABROUKA,Lobato,women,1
LETICIA CAROLINA,Blanca,women,1
JOSE PERFECTO,Delmasse,man,1
IONE MIREN,Vivero,women,1
CAROLINA ALEXANDRA,Calabaza,women,1
OSCAR ADRIAN,Favaretto,man,1
PEDRO SAMUEL,Espina,man,1
GINA ELIZABETH,Biaggini,women,1
ZOHA,Antorena,women,1
CRISTHIAN JESUS,Facello,man,1
MODESTO ANGEL,SnÃ¶bohm,man,1
JULIO TOMAS,Zarapura,man,1
JOSE VICTORIO,Paveto,man,1
GUOMIN,Mastay,man,1
SAMUEL VICENTE,Blausztein,man,1
LLEDO,Hassan,women,1
KAREN JANE,Bondaruk,women,1
GEMA YOLANDA,Del Mestre,women,1
ANEL,Girini,women,1
FABIEN,Goette,man,1
YULIETH,Sawczuk,women,1
ESTHER ANA,Chiementon,women,1
ROSA EULALIA,Madariaga,women,1
KEVIN RODRIGO,Accolla,man,1
VALLIVANA,Marucco,women,1
VIOLETA ISABEL,Chirulli,women,1
EUGENIO FRANCISCO,Nielsen,man,1
ABDI,Suniaga,man,1
TERESA LEONOR,Mastronardi,women,1
DANIELA,Girgenti,women,1
TIRSA,Anigstein,women,1
JUNA,Rattalino,women,1
HONESTO,Subirats,man,1
ESTRELLA MARIA,Gerhardt,women,1
TOMAS PABLO,Ceron,man,1
MONTSERRAT,Pervieux,women,1
PAU ANTONI,Carulla,man,1
VALENTIN ALBERTO,Laplacette,man,2
MARTA BLANCA,Amado,women,2
LUZ CRISTINA,Zatloukal,women,2
SHU,Rostan,women,2
EXPEDITO,Lorca,man,2
DANIEL IVAN,Ciarletta,man,2
HUSSEIN,Paolinelli,man,2
ROBERT NICOLAS,Calcagno,man,2
NASSIM,Gonzalo,man,2
VICENTE GONZALO,Bunader,man,2
CELSO JESUS,Pellegrini,man,2
QUICO,Ogas,man,2
MARTIN PABLO,Anzil,man,2
HERMELA,Aylan,women,2
XUELING,Donnantuoni,women,2
OSCAR ADRIAN,Favaretto,man,2
NAHIANE,Vaccarezza,women,2
CARIDAD PILAR,Glories,women,2
ACRACIA,Carvia,women,2
MACRINO,Mom,man,2
MONICA ELISABETH,Triefenbach,women,2
ADRIAN COSMIN,Rappachiani,man,2
LUCIA FRANCISCA,Soberon,women,2
GLAFIRA,Nowosad,women,2
AUDRIUS,Forchetti,man,2
SENY,Petri,man,2
XINTONG,Manzo,women,2
ELENA BEGOÑA,Mielnichuk,women,2
MANUEL ADRIAN,Isassa,man,2
MIREILLE,Lobon,women,2
ANGEL HECTOR,Lenardis,man,2
LLUIS MIQUEL,OcaÃ±a,man,2
NELSON ANTONIO,Chandias,man,2
NELSON LUIS,Gysel,man,2
MARIA QUERALT,Paiva,women,2
LLEDO,Hassan,women,2
IGNACIO RICARDO,Berne,man,2
ALEXANDRU STEFAN,Delcoro,man,2
ONINTZA,Dumo,women,2
RUBEN DAVID,Machicote,man,2
MARIA BALBINA,Danun,women,2
NADIA PATRICIA,Arresse,women,2
ZAFAR IQBAL,Goldstand,man,2
JONATAN DAVID,Piersanti,man,2
VINCENZO,Schiavo,man,2
JOSE GUADALUPE,Yane,man,2
NOR EDDINE,Bechara,man,2
MOHAMED AYOUB,Monduela,man,2
GISLENE,Mirabelli,women,2
MAGDA LORENA,Righero,women,2
JUAN CANDIDO,De Miguel,man,2
MARIA JUDITH,Lefiman,women,2
ANA VICTORIA,Lazare,women,2
MARTINA ELENA,Breczinski,women,2
MARIA SAMANTA,Vidoman,women,2
DAVID ISRAEL,Roncaglia,man,2
JULIA VALENTINA,Sterpino,women,2
PIERA,Ast,women,2
ALEJANDRA RAQUEL,Consigli,women,2
RUSLANA,Saliba,women,2
FRANCISCA PAULA,Fringella,women,2
ALEXANDRU CIPRIAN,Abbas,man,2
ROBERTO,Sarradell,man,2
BEATRIZ CAROLINA,Canitrot,women,2
RICHARD CHARLES,Aispuru,man,2
EUGENIO JESUS,Starc,man,2
ANDREA AVELINA,Belinky,women,2
ERIKA GABRIELA,Pia,women,2
JOHN KEVIN,Del Val,man,2
MARIA TORIBIA,Restuchi,women,2
ANTONIO OLIVER,Zuidwijk,man,2
CRISTIAN IOAN,Schmitz,man,2
BERNARDO ANDRES,Quiquinto,man,2
JHOEL,ArgaÃ±aras,man,2
ADELINDA,Latronico,women,2
ANTONIA MAR,Barahona,women,2
LEONARDO ENRIQUE,Cabirol,man,2
OLGA SUSANA,Chochoy,women,2
FATIMA ELIZABETH,Outeiral,women,2
LEHBIB,Bechara,man,2
GLEN,Nan,man,2
VICTORIA YOLANDA,Zanollo,women,2
ARNE,Mendicoa,man,2
ANER,Freman,man,2
MARY LOUISE,Duberti,women,2
ABUBACARR,Kraiselburd,man,2
FLORINA MARIANA,Ottone,women,2
WEIMIN,Martinucci,man,2
ONUR,Hepner,man,2
MARIA CIRILA,Vinueza,women,2
IRINA ELENA,Pretti,women,2
CLAUDIA LUCIA,Benadossi,women,2
ANTONIO GONZALO,Aguerrebere,man,2
KAREN LESLEY,Brisuela,women,2
MARIA JARA,Abud,women,2
JOSEF,Camurri,man,2
SAFI,Rostagno,man,2
DOMINGO SEBASTIAN,Fraticelli,man,2
LAYAN,Menchon,women,2
YUANYUAN,Pescio,women,2
DIANA MELISSA,Birba,women,2
IMELDO,Pierresteguy,man,2
UMER,Pouydebat,man,2
VALLIVANA,Marucco,women,2
JUAN ANTONIO,Sarjoy,man,2
ZEINABOU,Smiriglia,women,2
VARINIA,Rondinella,women,2
AARON EDUARDO,Santomero,man,2
MANUEL ALBERTO,Pedros,man,2
SEFERINA,Zagonel,women,2
INMACULADA BEATRIZ,Porto,women,2
SAFWAN,Rueda,man,2
CELSO JOSE,Bosio,man,2
DIEGO JAVIER,Gandara,man,2
FEDERICO RAUL,Stetson,man,2
MARIA BELLA,Cirino,women,2
FREDERIC,Tentor,man,2
TAREQ,Giardino,man,2
MARIA DOLORES PILAR,Cellone,women,2
EMANUEL CRISTIAN,Turco,man,2
MANUELA FATIMA,Piergiacomi,women,2
REKA,Vegh,women,2
NAN,Ramudo,man,2
SULEICA,Galbato,women,2
HUGO DANIEL,Cavallin,man,2
JUAN PATRICIO,Sainz,man,2
PHILIP MICHAEL,Krimer,man,2
MONTSERRAT,Pervieux,women,2
DERICK,Ferrigno,man,2
ISABEL JESUS,Curubeto,women,2
CATALIN FLORIN,Mascanfroni,man,3
NASSIM,Gonzalo,man,3
LUISA AURORA,Albrecht,women,3
ANDRES ALEXANDER,Traboscia,man,3
SAFWAN,Rueda,man,3
ELOY GONZALO,Ijalba,man,3
PEDRO SAMUEL,Espina,man,3
HIGINIO JOSE,AguiÃ±agalde,man,3
SOFIA RAQUEL,Rodrigo,women,3
ANTONIO EUGENIO,Ermita,man,3
HONESTO,Subirats,man,3
PATRICIO LUIS,Genovese,man,3
NIEVES MERCEDES,Velez,women,3
JULIANA JOSEFA,Cesso,women,3
ALINA CARMEN,Tosetto,women,3
HAONAN,Yarleque,man,3
ILYASS,Diestra,man,3
QUICO,Ogas,man,3
ANGEL DAVID,Loaisa,man,3
MYKOLA,Cabral,man,3
DIEGO JAVIER,Gandara,man,3
JULIO JORGE,Trombetta,man,3
FRANCISCO NORBERTO,Gardel,man,3
SUSAN FRANCES,Paulus,women,3
MAISA,Jurado,women,3
XOSE RAMON,Lazarte,man,3
JESUS CARMEN,Montapponi,women,3
DENIS ANDRES,Pobleti,man,3
HUGO SAMUEL,Rugura,man,3
ANAND,Biaggi,man,3
YULIETH,Sawczuk,women,3
MAICA,Karpowicz,women,3
AIDA MARINA,YaÃ±ez,women,3
MARY LOUISE,Duberti,women,3
SAFI,Rostagno,man,3
DANIEL OVIDIU,Audagna,man,3
OCTAVI,Storniolo,man,3
PABLO SIMON,Borovich,man,3
VARINIA,Rondinella,women,3
LUIS VALENTIN,Lischetti,man,3
MANOELA,Berselli,women,3
ALY,Ibarra,man,3
PAMELA,Siares,women,3
RUTH ESPERANZA,Odesti,women,3
YUNEISI,Morley,women,3
CONSTANTIN COSMIN,Valdes,man,3
SONIA MERCEDES,Solaro,women,3
EDGARDO JAVIER,Furia,man,3
SULEICA,Galbato,women,3
FERNANDO SANTIAGO,Colapietro,man,3
EMINA,Posadas,women,3
TATIANA BEATRIZ,Butin,women,3
ADJOU,Gesuelli,women,3
HIGINIO ANTONIO,Nahon,man,3
NOEMI ALEJANDRA,QuiÃ±ones,women,3
GUILLERMO ANGEL,Samame,man,3
RICARDO ARTURO,Borraz,man,3
JUDITA,Santi,women,3
SEGUNDINA,De Beitia,women,3
MARIA QUERALT,Paiva,women,3
DELMA,Tobares,women,3
MARIA TERESITA,Gancio,women,3
THOMAS RICHARD,Merhe,man,3
DANICA,Pudda,women,3
GHITA,Di Croce,man,3
FRANCISCA YOLANDA,Ojua,women,3
AMOR,Martelli,women,3
REENA,Reintl,women,3
NATALIA,Prestamo,women,3
WAFAE,Trullenque,women,3
CRISTHIAN JESUS,Facello,man,3
JANITZ,Bettalio,man,3
AMY LOUISE,Sengiali,women,3
LEIDY ALEJANDRA,Rosselot,women,3
JUAN PATRICIO,Sainz,man,3
ROCIO PATRICIA,Pachko,women,3
GERARDO MIGUEL,Gallese,man,3
NAZIR,Aguilaniedo,man,3
MARIA DOLORES TERESA,Ragni,women,3
VOLODYMYR,Holman,man,3
SUMAIRA,Cardoso,women,3
ANA BALBINA,Badalassi,women,3
CHRISTIAN NICOLAS,Morena,man,3
KAREN LESLEY,Brisuela,women,3
ALAIA,Herman,women,3
VICTOR OSWALDO,Cordero,man,3
IGNACIO RICARDO,Berne,man,3
MANUEL ALBERTO,Pedros,man,3
ARMANDO VICENTE,Pavesio,man,3
MACARENA PILAR,Ezquivela,women,3
PEDRO OSCAR,Laurreaga,man,3
JASWINDER,Escobar,women,3
MAGDALENA AGNIESZKA,Perlo,women,3
ROBERTO JESUS,Papariello,man,3
WAYNE,Celli,man,3
JAVIER FIDEL,Forrester,man,3
ANDREEA PATRICIA,Guichacoy,women,3
ADELINDA,Latronico,women,3
YONGJIE,Nazzo,man,3
ACRACIA,Carvia,women,3
ERICH,Belen,man,3
HELLEN,Arizabalo,women,3
MARCIA YOLANDA,Heinze,women,3
ISABEL ADRIANA,Ravalle,women,3
KEISY,Prokopczuk,women,3
MARIANA MARIA,Bracamonte,women,3
IRENEU,Zurutuza,man,3
ANA INES,Luzzini,women,3
MARTIN GONZALO,Decurgez,man,3
CARLITOS,Civallero,man,3
MICAELA,Menza,women,3
NELSON LUIS,Gysel,man,3
VALERIA,Stalla,women,3
RICHARD CHARLES,Aispuru,man,3
MERCEDES PILAR,Tuccitto,women,3
EVA PILAR,Paylacura,women,3
JOAN ANN,Beguier,women,3
JAVIER FRANCISCO,Pelegrino,man,3
LIBRADO,Anache,man,3
GABRIELA,Remondetto,women,3
EMANUEL CRISTIAN,Turco,man,4
ROMILDA,Comar,women,4
ARES,Amolio,man,4
EUGENIO JESUS,Starc,man,4
GILDA,Regalo,women,4
ESTHER CAROLINA,Cardoso,women,4
VALLIVANA,Marucco,women,4
LUCIAN MARIUS,Piccirilli,man,4
RAFAELA,Bournissent,women,4
ERNESTO JUAN,Villarruel,man,4
MAISA,Jurado,women,4
IVAN FRANCISCO,Carrillo,man,4
AHINARA,Piticchio,women,4
SANTOS RAFAEL,Lell,man,4
PURIFICACION MARIA,Licastro,women,4
JENNY MARGOTH,Ching,women,4
JOSSELYN GABRIELA,Mattiuzzi,women,4
PILAR VICTORIA,Stoizik,women,4
ANCA SIMONA,Guayabe,women,4
CARMINA,Busnadiego,women,4
JULIANA PILAR,Buonviso,women,4
SAMUEL VICENTE,Blausztein,man,4
TERESA LEONOR,Mastronardi,women,4
NORA EDITH,Posada,women,4
MARIEKE,Gilardoni,women,4
DULCE NOMBRE,Verdun,women,4
MERCEDES PILAR,Tuccitto,women,4
MARIA ARGIMIRA,Urrutia,women,4
LUISA AURORA,Albrecht,women,4
MIREILLE,Lobon,women,4
HONESTO,Subirats,man,4
CATARINA MARIA,Marzonetto,women,4
RONALD ARTHUR,Brach,man,4
MARISELA,Wirzt,women,4
VALENTIN ALBERTO,Laplacette,man,4
ANICETO JESUS,Vidaurre,man,4
MAGDA LORENA,Righero,women,4
RAQUEL NIEVES,Molinari,women,4
MARIA MARCIA,Fuembuena,women,4
DIANA FABIOLA,Trecco,women,4
ALIN CATALIN,Deckert,man,4
TAO,Maiz,women,4
REBECA ELENA,Seib,women,4
DIANA MARICELA,Berini,women,4
YOSEF,SidaÃ±ez,man,4
MARCOS JOSE,Chiaudano,man,4
NADIA PATRICIA,Arresse,women,4
JAGTAR,Ruffoni,man,4
MARTIN GONZALO,Decurgez,man,4
JOSE JESUS,Coqui,man,4
JADIYA,Bernazza,women,4
ANDREEA PATRICIA,Guichacoy,women,4
MARIA DIOLINDA,Manildo,women,4
AMPARO BEATRIZ,Povor,women,4
EXPEDITA,Cuffia,women,4
AYNUR,Bettello,women,4
JONATAN DAVID,Piersanti,man,4
YADIRA CARMEN,Adera,women,4
AUGUST,Fiordomo,man,4
MONICA BEATRIZ,Soldati,women,4
ARIEL ESTEBAN,Melloni,man,4
YUNHUA,Yarasca,women,4
NURIA NIEVES,Sagrera,women,4
JOSE PASCUAL,Ingold,man,4
PIA,Faerman,women,4
MARIA JUDITH,Lefiman,women,4
ISIS MARIA,Quaine,women,4
JULIA NATALIA,Lino,women,4
MARCELINO ANTONIO,Cinsio,man,4
HELVIA,Crisafulli,women,4
VOLODYMYR,Holman,man,4
BRAYAN STEVEN,Zizzetta,man,4
DESAMPARADOS PILAR,Huailla,women,4
CARLOS PATRICIO,Lamboglia,man,4
GABRIELA,Remondetto,women,4
SULEICA,Galbato,women,4
DEMOFILO,Peleitay,man,4
MINGHUA,Geuna,man,4
QUICO,Ogas,man,4
SALUDINA,Mateos,women,4
GLORIA ESTRELLA,Sequera,women,4
GERSON DAVID,Juares,man,4
SECUNDINO MANUEL,Piccirillo,man,4
JUAN MELCHOR,Roccaforte,man,4
MAHFOUD,PeÃ±a,man,4
SUIFEN,Gnese,women,4
MARIA FILOMENA,Bequis,women,4
VARINIA,Rondinella,women,4
REKA,Vegh,women,4
ANTONIO MARIA CLARET,Figura,man,4
ARNE,Mendicoa,man,4
JOSE ANTONIO MANUEL,Creni,man,4
NELSON ANTONIO,Chandias,man,4
VICTOR MATIAS,Carduner,man,4
SARKA,Epelboim,women,4
OCTAVIO JAVIER,Genes,man,4
BLANCA LORENA,Teodoroff,women,4
MANUEL TOMAS,Copola,man,4
ALIU,Dupouy,man,4
JESUS CARMEN,Montapponi,women,4
WILLAN,Chamel,man,4
JUAN ANTONIO,Sarjoy,man,4
NASSIM,Gonzalo,man,4
NAREK,Racalbuto,man,4
LIVIU CONSTANTIN,Suberbie,man,4
CESAR MARIA,Allami,man,4
GINES JESUS,Scheuermann,man,4
CARLOTA PILAR,Pieroni,women,4
CARLA MICHELLE,Pozzoli,women,4
LUCIA FRANCISCA,Soberon,women,4
CARMEN AMANDA,Camilatti,women,5
JUAN MELCHOR,Roccaforte,man,5
AMPARO LOURDES,Zena,women,5
SIMON JAVIER,Bentz,man,5
HENRY MANUEL,Travi,man,5
NICOLE,Pelatelli,women,5
LEHBIB,Bechara,man,5
EMILIA ESTHER,Heliz,women,5
JHOAN MANUEL,Cerato,man,5
ANGEL HECTOR,Lenardis,man,5
STEPHANIE MARIE,Senosiain,women,5
LUIS VALENTIN,Lischetti,man,5
LUCIAN MARIUS,Piccirilli,man,5
YUXI,Dalix,women,5
PARWINDER,Vanoni,man,5
MIRO,Gracia,man,5
CARMEN ELOISA,Bernharat,women,5
MIRUNA MARIA,Villoria,women,5
STOYAN,Ariccio,man,5
XOSE RAMON,Lazarte,man,5
EVGENI,Corelli,man,5
SORIA,Burmas,women,5
KAREN JANE,Bondaruk,women,5
NAZIR,Aguilaniedo,man,5
LULU,Kane,women,5
EMILIANO GABRIEL,Dorzi,man,5
GERARDO FRANCISCO,Apaz,man,5
ROSITA,Ravel,women,5
CIPRIAN VASILE,Zepponi,man,5
ADRIANA ALEJANDRA,Jeder,women,5
MIRIAN MARIA,Manzur,women,5
IMELDO,Pierresteguy,man,5
ROBERT NICOLAS,Calcagno,man,5
ANTONIO MARIA CLARET,Figura,man,5
ELHADJI,Brie,man,5
HORACIO DANIEL,Bisciglia,man,5
SUSANA LAURA,Manzilla,women,5
HUSSEIN,Paolinelli,man,5
IRENEU,Zurutuza,man,5
BRAYAN STEVEN,Zizzetta,man,5
ONINTZA,Dumo,women,5
PAULA AINHOA,Cattaruzza,women,5
ARNE,Mendicoa,man,5
LIVIU CONSTANTIN,Suberbie,man,5
MOULAY ABDELLAH,Filippelli,man,5
TOMAS BENJAMIN,Furnier,man,5
NUGZAR,Corsiglia,man,5
MARIA BENEDICTA,Schuldais,women,5
ANEL,Girini,women,5
IGNACIO RICARDO,Berne,man,5
ROMANA,Varetta,women,5
NOELIA DOLORES,Girau,women,5
KRZYSZTOF PIOTR,Shanzenbah,man,5
CONSTANTIN LAURENTIU,Pautassi,man,5
ANTONIA REYES,Perero,women,5
MACARIA,Estefo,women,5
FRANCISCA PAULA,Fringella,women,5
ANIANO,Cid,man,5
JENNY MARGOTH,Ching,women,5
DAN MARIUS,Truskalo,man,5
ISMARAY,Alfonzo,women,5
NIDA,Espinetti,women,5
ANGELES ANA,Forconi,women,5
TUNDE,Cimato,women,5
MARY LOUISE,Duberti,women,5
ANDREI GEORGE,Jaimez,man,5
JOSEFA MATILDE,Tumbesi,women,5
KEISY,Prokopczuk,women,5
MARIO PEDRO,Roulin,man,5
DARWIN DAVID,Venturo,man,5
MARIANA MARIA,Bracamonte,women,5
MACARENA PILAR,Ezquivela,women,5
LEONEL ALEXANDER,Corazzin,man,5
ROSA EMILIA,Brelis,women,5
IZARBE,Pesolano,women,5
YULIETH,Sawczuk,women,5
STEFAN EDUARD,D' Cecco,man,5
PEDRO CANDIDO,De Salvio,man,5
NICOLITA,RiaÃ±o,women,5
MANUEL MATEO,Poenitz,man,5
CAROLINA MILAGROS,Giordanelli,women,5
ALBA ESTHER,Chapa,women,5
DAVID ERIC,Soruco,man,5
ZAFAR IQBAL,Goldstand,man,5
SEGUNDINA,De Beitia,women,5
OCTAVI,Storniolo,man,5
RUPERTO JOSE,PeÃ±in,man,5
SYLWESTER,Balestrieri,man,5
CARMEN ANTONIA,CabaÃ±ez,women,5
CLEMENTINA,Gagliardi,women,5
LEO ALEXANDER,Wolfle,man,5
EDGAR ORLANDO,Valente,man,5
DANNY PAUL,Cariboni,man,5
REKA,Vegh,women,5
ANA MARIA JOSEFA,Essayag,women,5
MARIA DOLORES PILAR,Cellone,women,5
WAYNE,Celli,man,5
MONICA VALENTINA,Orjindo,women,5
JULIO ALEXANDER,Davola,man,5
WAFAE,Trullenque,women,5
TERESA LEONOR,Mastronardi,women,6
AIYUE,Mermoz,women,6
MARIA QUERALT,Paiva,women,6
LUIS EULOGIO,Sade,man,6
PIA,Faerman,women,6
JULIANA PILAR,Buonviso,women,6
SERGIO ROLANDO,Umbides,man,6
KAREN JANE,Bondaruk,women,6
IRENEU,Zurutuza,man,6
QUICO,Ogas,man,6
DRAGUTA,Barreyro,women,6
ANTONIO ISAAC,AngÃ¼ino,man,6
JIANGUO,Dorrego,man,6
MONTSERRAT,Pervieux,women,6
JOSE PASCUAL,Ingold,man,6
ROSA EULALIA,Madariaga,women,6
FRANCISCA CRISTINA,Cesano,women,6
NAHIANE,Vaccarezza,women,6
CONSTANTIN COSMIN,Valdes,man,6
ISIS MARIA,Quaine,women,6
LOT,Franciulli,man,6
MIREILLE,Lobon,women,6
SAFWAN,Rueda,man,6
LUIS URBANO,Orengia,man,6
ANA VITORIA,Ibba,women,6
JOSE LEONARDO,Corchi,man,6
CHRISTIAN NICOLAS,Morena,man,6
CATALINA LUISA,Cisneros,women,6
ZHIGUO,Tumilasci,man,6
SYLWESTER,Balestrieri,man,6
ASSMAA,Garate,women,6
GURJEET KAUR,Belascuain,women,6
ESTHER CAROLINA,Cardoso,women,6
GUILLERMO JULIAN,Hulo,man,6
CAMELIA,Marenco,women,6
FRANCISCA SILVIA,AÃ±azco,women,6
HUGO MARCELO,De La Sota,man,6
ISABEL CARLOTA,Torcuatto,women,6
ADRIANA ALEJANDRA,Jeder,women,6
ANDREA AVELINA,Belinky,women,6
HEBER,Ortiz,man,6
RIA,Eyharchet,women,6
JOAN ANN,Beguier,women,6
JAVIER FIDEL,Forrester,man,6
SONIA MERCEDES,Solaro,women,6
NIDA,Espinetti,women,6
FRANCISCA AMPARO,Clerc,women,6
ISABEL MERCEDES,Rempel,women,6
GLORIA ANTONIA,Barrojo,women,6
JASWINDER,Chukel,man,6
AARON EDUARDO,Santomero,man,6
PILAR ROSA,Salaic,women,6
MIGUEL IVAN,Meljim,man,6
ZINOVIYA,Dentesani,women,6
YONGJIE,Nazzo,man,6
ALIU,Dupouy,man,6
EUDALD,Laurella,man,6
ANTONIO OLIVER,Zuidwijk,man,6
ROBERTO ESTEBAN,Farach,man,6
MOHAMED IBRAHIM,Tristan,man,6
RUI MANUEL,Anchaval,man,6
ANTONIA MARTA,Dalbert,women,6
ALAIA,Herman,women,6
MOHAMED ACHRAF,Poggio,man,6
HERMINIA PILAR,Homs,women,6
GUSTAVO ARIEL,Carion,man,6
GEMA YOLANDA,Del Mestre,women,6
HILDA ESTHER,Tombesi,women,6
NIRA,Pampillon,women,6
NICOLAS EMILIO,Camerotto,man,6
HORACIO JAVIER,Lanz,man,6
PAULINA MARIA,Flexer,women,6
IELYZAVETA,Incata,women,6
PETRU DANIEL,Spitallieris,man,6
JESUS GERMAN,Resk,man,6
IVONETE,Salim,women,6
EUGENIO FRANCISCO,Nielsen,man,6
GILDA,Regalo,women,6
DIEGO JAVIER,Gandara,man,6
RUTH ESPERANZA,Odesti,women,6
MARIO OSWALDO,Casabona,man,6
ESTRELLA MARIA,Gerhardt,women,6
AMEDEO,Wester,man,6
OLINDA,Marzocca,women,6
BENJAMIN DANIEL,Agustachis,man,6
JUAN DIMAS,Rojo,man,6
THAISA,Boca,women,6
PABLO RAFAEL,La Neve,man,6
IMELDO,Pierresteguy,man,6
CARMEN ANTONIA,CabaÃ±ez,women,6
NICOLAE MARIAN,Ispide,man,6
SORIA,Burmas,women,6
MOULAY ABDELLAH,Filippelli,man,6
JOSE ECHEDEY,Yacanto,man,6
ANTONIA ROSA,Reygert,women,6
JOSE PERFECTO,Delmasse,man,6
ERIKA GABRIELA,Pia,women,6
EMINA,Posadas,women,6
ATSUKO,Baredes,women,6
NOE JESUS,Mizrahi,man,6
SEKU,Rolon,man,7
JIANLI,Podevils,women,7
JOAQUINA DOLORES,Burga,women,7
GABRIEL LAURENTIU,Breijo,man,7
FELIX SANTIAGO,Signes,man,7
BENDAOUD,Cerezo,man,7
STEFAN EDUARD,D' Cecco,man,7
DELMA,Tobares,women,7
CAROLINA MILAGROS,Giordanelli,women,7
AMBREEN,Lirussi,women,7
ANEL,Girini,women,7
JASWINDER,Chukel,man,7
NELSON ANTONIO,Chandias,man,7
SONIA PINO,ViÃ±on,women,7
JIAMING,Landin,man,7
CLAUDIA LUCIA,Benadossi,women,7
CARLOTA PILAR,Pieroni,women,7
MARCOS JESUS,Fagioli,man,7
CIRINA,Bulgos,women,7
IMANOL,Aleandro,man,7
MIGUEL BENJAMIN,Ranelli,man,7
WAYNE,Celli,man,7
VICTORIA YOLANDA,Zanollo,women,7
SAFI,Rostagno,man,7
SAVELIY,Nayi,man,7
JORDI JAUME,Forno,man,7
WILLAN,Chamel,man,7
MANUEL JONATHAN,Stutz,man,7
NOELIA DOLORES,Girau,women,7
JOHN KEVIN,Del Val,man,7
CUSTODIO MANUEL,Telles,man,7
CLARISA,Carazo,women,7
JUAN DOMINGO,Maure,man,7
EMILIA ESTHER,Heliz,women,7
MANUELA FATIMA,Piergiacomi,women,7
EDGAR DARIO,Galazzi,man,7
CARMEN AMANDA,Camilatti,women,7
VOLODYMYR,Holman,man,7
LORENZO SALVADOR,Meinardi,man,7
EDORTA,Rossodivito,man,7
ZINOVIYA,Dentesani,women,7
PAULA AINHOA,Cattaruzza,women,7
EMMA ALEXANDRA,Venega,women,7
ANDREEA PATRICIA,Guichacoy,women,7
FREDDY RAFAEL,Alleman,man,7
VICENTE GONZALO,Bunader,man,7
FRANCHO,Lopez,man,7
NAJLAA,Avinagalde,women,7
HORACIO,Golluscio,man,7
MARIA BRAULIA,Almallo,women,7
MILAD,Chapedi,man,7
MARIELA NOEMI,Villagra,women,7
TATYANA,Guerra,women,7
HILDA ESTHER,Tombesi,women,7
ANTONIA ROSA,Reygert,women,7
ALBA MERY,Maestropiedra,women,7
ISABEL CARLOTA,Torcuatto,women,7
MAGDALENA AGNIESZKA,Perlo,women,7
DELIA IOANA,Pabon,women,7
JIHAN,Barbieri,women,7
ANTONIO ISAAC,AngÃ¼ino,man,7
ANGELES ANA,Forconi,women,7
PAULINA ELIZABETH,Loncaric,women,7
FATIMA ELIZABETH,Outeiral,women,7
GUILLERMO JOAQUIN,Sinka,man,7
JENNY MARGOTH,Ching,women,7
MARIAN ALEXANDRU,Jimenez,man,7
SOUHAILA,Ricchetti,women,7
ANTONIA MAR,Barahona,women,7
GARETH JOHN,Nari,man,7
DRAGICA,Santoleri,women,7
ARCENIO,Chuquillanqui,man,7
ANA VICTORIA,Lazare,women,7
REBECA ELENA,Seib,women,7
ROSALINDA,Sacia,women,7
ANCA SIMONA,Guayabe,women,7
ALBA ESTHER,Chapa,women,7
MAGDA LORENA,Righero,women,7
CLAUDIA ALINA,Renus,women,7
JAVI,Chuquimia,man,7
IRENEU,Zurutuza,man,7
PURIFICACION MARIA,Licastro,women,7
HANIN,Baloy,women,7
EUGENIO JESUS,Starc,man,7
GUILLERMO MARTIN,Del Federico,man,7
MARY LOUISE,Duberti,women,7
YAAGOUB,Barbazan,man,7
NIDA,Espinetti,women,7
ANIANO,Cid,man,7
DIANA RAMONA,Abellaneda,women,7
ISMARAY,Alfonzo,women,8
KARIN ELISABETH,Zon,women,8
LORENZO SALVADOR,Meinardi,man,8
TASNIM,Rondelli,women,8
TERESA LEONOR,Mastronardi,women,8
IANIS,Falivene,man,8
EDEN,Pinchentti,women,8
ROBERTO,Sarradell,man,8
IMELDO,Pierresteguy,man,8
ANTONIO OLIVER,Zuidwijk,man,8
SUMISA,Alveal,women,8
ANA BELL,Spadaro,women,8
GHITA,Di Croce,man,8
JULIO EUGENIO,Esandi,man,8
SLAWOMIR,Miyahira,man,8
ADJOU,Gesuelli,women,8
VINCENZO,Schiavo,man,8
MANUEL ALBERTO,Pedros,man,8
THOMAS RICHARD,Merhe,man,8
JOSE PERFECTO,Delmasse,man,8
IULIANA ALINA,Hahn,women,8
ALEXIS ALEJANDRO,Cottone,man,8
MILAD,Chapedi,man,8
MARCOS PABLO,Yaranga,man,8
ADRIANA BEATRIZ,Strelco,women,8
MIRUNA MARIA,Villoria,women,8
NEDA,Molinero,women,8
MARTA BELEN,Ganora,women,8
NIRMAL,Narduci,man,8
HORACIO,Golluscio,man,8
MARIA TORIBIA,Restuchi,women,8
ADOLFO DANIEL,Bolentini,man,8
MIRTA NOEMI,Treffinger,women,8
GEMA YOLANDA,Del Mestre,women,8
PABLO AUGUSTO,De Muguruza,man,8
WAYNE,Celli,man,8
HELVIA,Crisafulli,women,8
ANA MARIA JOSEFA,Essayag,women,8
CURRO,Fagani,man,8
PAULA AINHOA,Cattaruzza,women,8
MARIA DIANA,Erard,women,8
VICENTE RAUL,Ahumada,man,8
LEONARDO RAMON,Pellegrini,man,8
MANUELA JOSEFA,Walton,women,8
PABLO MAXIMILIANO,Lovotrico,man,8
JOAN MATEU,Meraldi,man,8
ILYASS,Diestra,man,8
GREGORIO PEDRO,Albano,man,8
CARLOS PATRICIO,Lamboglia,man,8
MOHAMED AYOUB,Monduela,man,8
OCTAVI,Storniolo,man,8
LEONEL ALEXANDER,Corazzin,man,8
FLORINA MARIANA,Ottone,women,8
GUSTAVO ARIEL,Carion,man,8
ANILA,De Castro,women,8
ADRIAN COSMIN,Rappachiani,man,8
DANIELA GEORGIEVA,Prosperi,women,8
VICENTE GONZALO,Bunader,man,8
DRAGICA,Santoleri,women,8
FRANCISCA YOLANDA,Ojua,women,8
OLINDA,Marzocca,women,8
ARCENIO,Chuquillanqui,man,8
ANNA SOPHIA,Danevitch,women,8
FABIEN,Goette,man,8
MANUEL ADRIAN,Isassa,man,8
CRESCENCIANO,Huaisi,man,8
MOULAY ABDELLAH,Filippelli,man,8
SAMUEL IVAN,Dellarole,man,8
SEKU,Rolon,man,8
ALEJO JOSE,Tagarro,man,8
ANA ELIA,Divenosa,women,8
PATRICIA VANESA,Neuach,women,8
ALY,Ibarra,man,8
FOUSSENI,Schroeter,man,8
BEATRIZ CAROLINA,Canitrot,women,8
CARMEN KARINA,Turletti,women,8
MARTHA MAGDALENA,Darelli,women,8
INMACULADA BEATRIZ,Porto,women,8
ANCA SIMONA,Guayabe,women,8
ESTEFANIA BEATRIZ,Dieminger,women,8
ARACELI CARMEN,Krede,women,9
SUSANA LAURA,Manzilla,women,9
JULIANNA,Petraglia,women,9
MARTA BELEN,Ganora,women,9
YVES,Di Grigoli,man,9
GUADALUPE MARIA,Manzilla,women,9
LOT,Franciulli,man,9
ANTONIO VICTORIANO,Paolasso,man,9
AIDA MARINA,YaÃ±ez,women,9
MANUEL ALBERTO,Pedros,man,9
GUILLERMO JULIAN,Hulo,man,9
MOHAMED IBRAHIM,Tristan,man,9
NAZIR,Aguilaniedo,man,9
JOACHIM,Dede,man,9
ANA VICTORIA,Lazare,women,9
NOURHAN,Banda,women,9
SAMUEL VICENTE,Blausztein,man,9
PEDRO GASPAR,Urdiales,man,9
LUIS VALENTIN,Lischetti,man,9
DULCE NOMBRE,Verdun,women,9
JAGTAR,Ruffoni,man,9
JASWINDER,Chukel,man,9
MARIAN ALEXANDRU,Jimenez,man,9
JINYING,Cicutin,women,9
AINA,Bogado,women,9
KATHERINE MICHELLE,Cassan,women,9
ZARA MARIA,Covatti,women,9
YONGHUA,Panati,women,9
MARIA NERY,Ditrano,women,9
BARBARA EWA,Arbel,women,9
ANGELES ANA,Forconi,women,9
CUSTODIO MANUEL,Telles,man,9
DEMOFILO,Peleitay,man,9
ONDINA,Onel,women,9
JINHONG,Leprino,man,9
SAMUEL IVAN,Dellarole,man,9
ELENA BEGOÑA,Mielnichuk,women,9
FOUSSENY,Jacobson,man,9
PURIFICACION MARIA,Licastro,women,9
MARIA CISNE,Leo,women,9
KEVIN RODRIGO,Accolla,man,9
CARLOS MARINO,Troiano,man,9
JAZMINA,Sona,women,9
VIOREL IOAN,Nacucchio,man,9
JOSE GUADALUPE,Yane,man,9
INMACULADA BEATRIZ,Porto,women,9
CRISTI,Lauthier,man,9
KARINA MARIA,Arazari,women,9
SIGFRID,Crevacuore,man,9
ANGEL DAVID,Loaisa,man,9
SENY,Petri,man,9
ILYASS,Diestra,man,9
MOHAMED ACHRAF,Poggio,man,9
GUSTAVO MARIO,Gargantini,man,9
CRISTHIAN DANIEL,Banzer,man,9
LEONARDO RAMON,Pellegrini,man,9
MARIUS LIVIU,Barbieri,man,9
MARTIN GUILLERMO,Bavaro,man,9
CARMEN ANTONIA,CabaÃ±ez,women,9
VISHAL,Lird,man,9
CARMEN KARINA,Turletti,women,9
JESUS GERMAN,Resk,man,9
ELHADJI,Brie,man,9
IVONETE,Salim,women,9
CAROL,GriÃ±on,women,9
NIRA,Pampillon,women,9
CAROLINA ALEXANDRA,Calabaza,women,9
ELISABETE MARIA,Smitt,women,9
ROSA EULALIA,Madariaga,women,9
JACINTO JUAN,Kruspzky,man,9
JORGE NELSON,Hartman,man,10
EXPEDITO,Lorca,man,10
JOAN MATEU,Meraldi,man,10
SHAIMA,Manservigi,women,10
RAUL AGUSTIN,Di Florio,man,10
MONICA BEATRIZ,Soldati,women,10
DANIELA,Girgenti,women,10
ARGEMIRO,Dall'aglio,man,10
MARIA CHRISTINE,Dey,women,10
EDUARDO MARCOS,Rivamontan,man,10
ROSARIO AMPARO,Barbatano,women,10
MIRIAN MARIA,Manzur,women,10
ALIN CATALIN,Deckert,man,10
RACHEL,Pasten,women,10
SOUHAILA,Ricchetti,women,10
LUCIA FRANCISCA,Soberon,women,10
ABDI,Suniaga,man,10
BOJANA,Spandrio,women,10
VISHAL,Lird,man,10
JOAQUINA DOLORES,Burga,women,10
MIGUEL SEBASTIAN,De Valentin,man,10
TAINA,Saleme,women,10
ROBERT NICOLAS,Calcagno,man,10
JEAN CLAUDE,Beucar,man,10
HILDA ESTHER,Tombesi,women,10
MISSOUM,Cardozo,man,10
SANTOS RAFAEL,Lell,man,10
JANNET,Rumi,women,10
CRISTI,Lauthier,man,10
MARIELA NOEMI,Villagra,women,10
LUISA AURORA,Albrecht,women,10
MATHILDE,Onguino,women,10
SHAINA,Akalestos,women,10
JAVI,Chuquimia,man,10
PIERLUIGI,Vittore,man,10
EUGENIO JAVIER,Borassi,man,10
AHINARA,Piticchio,women,10
TOMAS RICARDO,Callejon,man,10
LEONEL,Marcheroni,man,10
VOLODYMYR,Holman,man,10
PATRICIA CONCEPCION,Carrazza,women,10
BENDAOUD,Cerezo,man,10
RONALD ARTHUR,Brach,man,10
RAMON IVAN,Colzani,man,10
MOHAMED IBRAHIM,Tristan,man,10
IRINA ELENA,Pretti,women,10
OVIDIU ALEXANDRU,Mulvihill,man,10
ANTONIA ROSA,Reygert,women,10
LUKASZ PIOTR,Escalante,man,10
CLARISA,Carazo,women,10
ISIDRO FRANCISCO,Pergolesi,man,10
MODESTO ANGEL,SnÃ¶bohm,man,10
DIEGO TOMAS,Van,man,10
MANUEL ALBERTO,Pedros,man,10
ERNESTO JUAN,Villarruel,man,10
FEDERICO JESUS,Madiedo,man,10
DULCE NOMBRE,Verdun,women,10
ROBUSTIANO,Trey,man,10
NAJLAA,Avinagalde,women,10
LOVEPREET,Herman,man,10
